order_id,customer_id,product_id,quantity,unit_price_cents,status,order_date,updated_at
O01,C01,P1,2,1000,completed,2026-09-01,2026-09-01T01:00:00Z
O02,C02,P2,1,3000,completed,2026-09-01,2026-09-01T02:00:00Z
O03,C01,P1,1,1000,completed,2026-09-02,2026-09-02T01:00:00Z
O02,C02,P2,1,3000,cancelled,2026-09-01,2026-09-02T02:00:00Z
O04,C03,PX,2,500,completed,2026-09-02,2026-09-02T03:00:00Z
O05,C02,P2,2,3000,completed,2026-09-04,2026-09-04T01:00:00Z
O01,C01,P1,3,1000,completed,2026-09-01,2026-09-04T02:00:00Z
O06,C03,P3,1,2000,completed,2026-09-04,2026-09-04T03:00:00Z
O07,C01,P1,1,1000,pending,2026-09-05,2026-09-05T01:00:00Z
O08,C02,P1,2,1000,completed,2026-09-05,2026-09-05T02:00:00Z
